<?xml version="1.0" encoding="utf-8"?>
<!DOCTYPE hibernate-configuration SYSTEM 
"http://www.hibernate.org/dtd/hibernate-configuration-3.0.dtd">

<hibernate-configuration>


	<session-factory>
	
		<property name="hibernate.dialect">org.hibernate.dialect.H2Dialect</property>
		<property name="hibernate.connection.driver_class">org.h2.Driver</property>
		<property name="hibernate.connection.username">sa</property>
		<property name="hibernate.connection.password"/>
		<property name="hibernate.connection.url">jdbc:h2:tcp://localhost/file:C:/data/test</property>
		<property name="hibernate.hbm2ddl.auto">create-drop</property>
		<property name="show_sql">true</property>
	
	
		<mapping class="com.tcs.anz.hibernate.UserDetails"/>
		
		
	</session-factory>

</hibernate-configuration>